SalesmanID,SalesmanName,Position
S001,Arun,Salesman
S002,Sameer,Salesman
S003,Fatima,Salesman
S004,Rohit,Salesman
S005,Jasim,Salesman
S006,Noura,Salesman
S007,Bilal,Salesman
S008,Haya,Salesman
S009,Omar,Salesman
S010,Sara,Salesman
S011,Khalid,Salesman
S012,Aisha,Salesman
S013,Rami,Salesman
S014,Yasmin,Salesman
S015,Zaid,Salesman
S016,Leila,Salesman
S017,Imran,Salesman
S018,Noor,Salesman
S019,Tariq,Salesman
S020,Hana,Salesman
S021,Farid,Salesman
S022,Lina,Salesman
S023,Saif,Salesman
S024,Dina,Salesman
S025,Yusuf,Salesman
D001,Ahmed Khan,Driver
D002,Sara Ali,Driver
D003,Rashid Hussain,Driver
D004,Fatima Mohamed,Driver
D005,Noura Rahman,Driver
D006,Hassan Saeed,Driver
D007,Yusuf Nasser,Driver
D008,Rania Fardan,Driver
D009,Omar Hashmi,Driver
D010,Hala Khan,Driver
D011,Khalid Ali,Driver
D012,Aisha Hussain,Driver
D013,Rami Mohamed,Driver
D014,Yasmin Rahman,Driver
D015,Zaid Saeed,Driver
D016,Leila Nasser,Driver
D017,Imran Fardan,Driver
D018,Noor Hashmi,Driver
D019,Tariq Khan,Driver
D020,Hana Ali,Driver
D021,Farid Hussain,Driver
D022,Lina Mohamed,Driver
D023,Saif Rahman,Driver
D024,Dina Saeed,Driver
D025,Yusuf Nasser,Driver
D026,Ahmed Khan,Driver
D027,Sara Ali,Driver
D028,Rashid Hussain,Driver
D029,Fatima Mohamed,Driver
D030,Noura Rahman,Driver
D031,Hassan Saeed,Driver
D032,Yusuf Nasser,Driver
D033,Rania Fardan,Driver
D034,Omar Hashmi,Driver
D035,Hala Khan,Driver
D036,Khalid Ali,Driver
D037,Aisha Hussain,Driver
D038,Rami Mohamed,Driver
D039,Yasmin Rahman,Driver
D040,Zaid Saeed,Driver
D041,Leila Nasser,Driver
D042,Imran Fardan,Driver
D043,Noor Hashmi,Driver
D044,Tariq Khan,Driver
D045,Hana Ali,Driver
D046,Farid Hussain,Driver
D047,Lina Mohamed,Driver
D048,Saif Rahman,Driver
D049,Dina Saeed,Driver
D050,Yusuf Nasser,Driver
D051,Ahmed Khan,Driver
D052,Sara Ali,Driver
D053,Rashid Hussain,Driver
D054,Fatima Mohamed,Driver
D055,Noura Rahman,Driver
D056,Hassan Saeed,Driver
D057,Yusuf Nasser,Driver
D058,Rania Fardan,Driver
D059,Omar Hashmi,Driver
D060,Hala Khan,Driver
D061,Khalid Ali,Driver
D062,Aisha Hussain,Driver
D063,Rami Mohamed,Driver
D064,Yasmin Rahman,Driver
D065,Zaid Saeed,Driver
D066,Leila Nasser,Driver
D067,Imran Fardan,Driver
D068,Noor Hashmi,Driver
D069,Tariq Khan,Driver
D070,Hana Ali,Driver
D071,Farid Hussain,Driver
D072,Lina Mohamed,Driver
D073,Saif Rahman,Driver
D074,Dina Saeed,Driver
D075,Yusuf Nasser,Driver
D076,Ahmed Khan,Driver
D077,Sara Ali,Driver
D078,Rashid Hussain,Driver
D079,Fatima Mohamed,Driver
D080,Noura Rahman,Driver
D081,Hassan Saeed,Driver
D082,Yusuf Nasser,Driver
D083,Rania Fardan,Driver
D084,Omar Hashmi,Driver
D085,Hala Khan,Driver
D086,Khalid Ali,Driver
D087,Aisha Hussain,Driver
D088,Rami Mohamed,Driver
D089,Yasmin Rahman,Driver
D090,Zaid Saeed,Driver
D091,Leila Nasser,Driver
D092,Imran Fardan,Driver
D093,Noor Hashmi,Driver
D094,Tariq Khan,Driver
D095,Hana Ali,Driver
D096,Farid Hussain,Driver
D097,Lina Mohamed,Driver
D098,Saif Rahman,Driver
D099,Dina Saeed,Driver
D100,Yusuf Nasser,Driver
H001,Adam Farooq,Helper
H002,Bilqis Shah,Helper
H003,Cyrus Malik,Helper
H004,Dalia Ahmed,Helper
H005,Ehsan Mirza,Helper
H006,Farah Alawi,Helper
H007,Ghalib Yaseen,Helper
H008,Huda Kareem,Helper
H009,Ilyas Zaman,Helper
H010,Jameela Nadeem,Helper
H011,Kamran Reza,Helper
H012,Laila Saif,Helper
H013,Mahir Qureshi,Helper
H014,Nadia Hashim,Helper
H015,Omar Tahir,Helper
H016,Pariya Feroz,Helper
H017,Qasim Jafar,Helper
H018,Rania Latif,Helper
H019,Saad Hamid,Helper
H020,Tara Zubair,Helper
H021,Umar Shafi,Helper
H022,Vania Rizvi,Helper
H023,Waleed Junaid,Helper
H024,Xena Farid,Helper
H025,Yasir Iqbal,Helper
H026,Zara Kamal,Helper
H027,Aarav Noman,Helper
H028,Basma Khalil,Helper
H029,Danish Raza,Helper
H030,Elham Imran,Helper
H031,Faisal Qadir,Helper
H032,Gulzar Hanif,Helper
H033,Hina Sarwar,Helper
H034,Idris Masood,Helper
H035,Jasmine Anwar,Helper
H036,Karim Saleh,Helper
H037,Latifa Noor,Helper
H038,Mikaeel Zahid,Helper
H039,Nawal Farhan,Helper
H040,Osama Riaz,Helper
H041,Pari Nadeem,Helper
H042,Qadeer Shams,Helper
H043,Rima Sayeed,Helper
H044,Salman Tariq,Helper
H045,Tahira Yousuf,Helper
H046,Usman Farooq,Helper
H047,Varsha Khan,Helper
H048,Wasim Javed,Helper
H049,Xariah Iqbal,Helper
H050,Yasmin Zafar,Helper
H051,Zain Malik,Helper
H052,Amira Shahid,Helper
H053,Bashir Noman,Helper
H054,Chahak Imran,Helper
H055,Danish Tariq,Helper
H056,Eliza Farid,Helper
H057,Farooq Junaid,Helper
H058,Gulnaz Hamid,Helper
H059,Hamza Riaz,Helper
H060,Imaan Qureshi,Helper
H061,Junaid Zahid,Helper
H062,Kiran Farhan,Helper
H063,Laiba Masood,Helper
H064,Mansoor Saleh,Helper
H065,Nadia Hanif,Helper
H066,Omar Zafar,Helper
H067,Pariya Reza,Helper
H068,Qasim Tahir,Helper
H069,Rania Nadeem,Helper
H070,Salman Feroz,Helper
H071,Tara Iqbal,Helper
H072,Umar Khalid,Helper
H073,Vania Farooq,Helper
H074,Waleed Sarwar,Helper
H075,Xena Masood,Helper
H076,Yasir Zaman,Helper
H077,Zara Javed,Helper
H078,Aarav Hashim,Helper
H079,Basma Saleh,Helper
H080,Danish Qadir,Helper
H081,Elham Malik,Helper
H082,Faisal Noor,Helper
H083,Gulzar Tahir,Helper
H084,Hina Farhan,Helper
H085,Idris Noman,Helper
H086,Jasmine Rizvi,Helper
H087,Karim Zubair,Helper
H088,Latifa Anwar,Helper
H089,Mikaeel Iqbal,Helper
H090,Nawal Shafi,Helper
H091,Osama Hamid,Helper
H092,Pari Nadeem,Helper
H093,Qadeer Zahid,Helper
H094,Rima Tariq,Helper
H095,Salman Feroz,Helper
H096,Tahira Malik,Helper
H097,Usman Shahid,Helper
H098,Varsha Farid,Helper
H099,Wasim Saleh,Helper
H100,Xariah Noor,Helper
CS01,R Tariq,Call center
CS02,Salman F,Call center
CS03,Jasmine R,Call center
CS04,Karim Z,Call center
